{"cameraMode":{"drawMode":0,"name":"Shaded","section":"Shading Mode"},"sceneLighting":false,"audioPlay":false,"sceneViewState":{"showFog":true,"showMaterialUpdate":false,"showSkybox":false,"showFlares":true,"showImageEffects":true,"showParticleSystems":true},"in2DMode":false,"pivot":{"x":-0.005860090255737305,"y":0.5414105653762817,"z":-2.9253578186035158},"rotation":{"x":-0.20072709023952485,"y":0.0813010185956955,"z":-0.01671862229704857,"w":-0.9761252403259277},"size":2.59702730178833,"orthographic":false}